participant_id,language,cohort,condition,demo_error_count,age_band,is_synthetic
SYN-UNEQUAL-TA-001,ta,unequal,original,17,60-69,true
SYN-UNEQUAL-TA-001,ta,unequal,adapted,13,60-69,true
SYN-UNEQUAL-TA-002,ta,unequal,original,24,70-79,true
SYN-UNEQUAL-TA-002,ta,unequal,adapted,21,70-79,true
SYN-UNEQUAL-TA-003,ta,unequal,original,20,80-89,true
SYN-UNEQUAL-TA-003,ta,unequal,adapted,18,80-89,true
SYN-UNEQUAL-TA-004,ta,unequal,original,27,60-69,true
SYN-UNEQUAL-TA-004,ta,unequal,adapted,23,60-69,true
SYN-UNEQUAL-TA-005,ta,unequal,original,23,70-79,true
SYN-UNEQUAL-TA-005,ta,unequal,adapted,20,70-79,true
SYN-UNEQUAL-TA-006,ta,unequal,original,19,80-89,true
SYN-UNEQUAL-TA-006,ta,unequal,adapted,17,80-89,true
SYN-UNEQUAL-TA-007,ta,unequal,original,26,60-69,true
SYN-UNEQUAL-TA-007,ta,unequal,adapted,22,60-69,true
SYN-UNEQUAL-TA-008,ta,unequal,original,22,70-79,true
SYN-UNEQUAL-TA-008,ta,unequal,adapted,19,70-79,true
SYN-UNEQUAL-TA-009,ta,unequal,original,18,80-89,true
SYN-UNEQUAL-TA-009,ta,unequal,adapted,16,80-89,true
SYN-UNEQUAL-TA-010,ta,unequal,original,25,60-69,true
SYN-UNEQUAL-TA-010,ta,unequal,adapted,21,60-69,true
SYN-UNEQUAL-TA-011,ta,unequal,original,21,70-79,true
SYN-UNEQUAL-TA-011,ta,unequal,adapted,18,70-79,true
SYN-UNEQUAL-TA-012,ta,unequal,original,17,80-89,true
SYN-UNEQUAL-TA-012,ta,unequal,adapted,15,80-89,true
SYN-UNEQUAL-TA-013,ta,unequal,original,24,60-69,true
SYN-UNEQUAL-TA-013,ta,unequal,adapted,20,60-69,true
SYN-UNEQUAL-TA-014,ta,unequal,original,20,70-79,true
SYN-UNEQUAL-TA-014,ta,unequal,adapted,17,70-79,true
SYN-UNEQUAL-TA-015,ta,unequal,original,27,80-89,true
SYN-UNEQUAL-TA-015,ta,unequal,adapted,25,80-89,true
SYN-UNEQUAL-TA-016,ta,unequal,original,23,60-69,true
SYN-UNEQUAL-TA-016,ta,unequal,adapted,19,60-69,true
SYN-UNEQUAL-TA-017,ta,unequal,original,19,70-79,true
SYN-UNEQUAL-TA-017,ta,unequal,adapted,16,70-79,true
